player_id,name,short_name,position,jersey_number,height,preferred_foot,date_of_birth_ts,team_id,market_value_eur,nationality,roster_source
5534,Faryd Mondragón,F. Mondragón,G,1,191,,46310400,3061,,Colombia,season_lineups
2472253,Capone,Capone,D,,,,75427200,3061,,Brazil,season_lineups
2281978,Gheorghe Popescu,G. Popescu,D,,188,,-70416000,3061,,Romania,season_lineups
1422245,Bülent Korkmaz,B. Korkmaz,D,3,181,,-34819200,3061,,Türkiye,season_lineups
2281207,Hakan Ünsal,H. Ünsal,D,,178,,106185600,3061,,Türkiye,season_lineups
487,Ümit Davala,Ü. Davala,M,5,186,,112838400,3061,,Türkiye,season_lineups
2516514,Suat Kaya,S. Kaya,,,,,,3061,,,season_lineups
1844922,Sergen Yalçin,S. Yalçin,M,,181,,89769600,3061,,Türkiye,season_lineups
5718,Ergun Penbe,E. Penbe,D,67,177,,74908800,3061,,Türkiye,season_lineups
2326130,Arif Erdem,A. Erdem,F,,,,63158400,3061,,Türkiye,season_lineups
11991,Berkant Goktan,B. Goktan,F,7,176,,345427200,3061,,Türkiye,season_lineups
5353,Gustavo Victoria,G. Victoria,D,,178,,327110400,3061,,Colombia,season_lineups
1854503,Sébastien Pérez,S. Pérez,D,8,178,,122947200,3061,,France,season_lineups
5900,Bulent Akin,B. Akin,M,,182,,304646400,3061,,Türkiye,season_lineups
1422255,Emre Asik,E. Asik,D,2,183,,124588800,3061,,Türkiye,season_lineups
5691,Ayhan Akman,A. Akman,M,18,173,,225504000,3061,,Türkiye,season_lineups
1854461,Serkan Aykut,S. Aykut,F,,175,,162432000,3061,,Türkiye,season_lineups
60329,Kerem Inan,K. Inan,,,189,,322790400,3061,,Türkiye,season_lineups
1422247,Hasan Sas,H. Sas,F,,176,,207705600,3061,,Türkiye,season_lineups
81957,Faruk Atalay,F. Atalay,,,176,,353721600,3061,,Türkiye,season_lineups
2516492,Vedat Inceefe,V. Inceefe,D,,183,,134006400,3061,,Türkiye,season_lineups
6173,Emrah Eren,E. Eren,D,34,175,,279763200,3061,,Türkiye,season_lineups
1854454,Mehmet Bölükbasi,M. Bölükbasi,G,,188,,272764800,3061,,Türkiye,season_lineups
5294,Umit Karan,U. Karan,F,9,181,,212976000,3061,,Türkiye,season_lineups
5707,Andres Fleurquin,A. Fleurquin,M,5,186,,176169600,3061,,Uruguay,season_lineups
18753,Pavel Horvath,P. Horvath,M,,187,,167356800,3061,,Czechia,season_lineups
1854459,Robert Spehar,R. Spehar,F,,185,,11404800,3061,,Croatia,season_lineups
2514771,Erhan Namli,E. Namli,,,,,,3061,,,season_lineups
2514787,Murat Sozkesen,M. Sozkesen,,,,,,3061,,,season_lineups
1854455,João Batista,J. Batista,M,7,175,,163123200,3061,,Brazil,season_lineups
803401,Sedat Debreli,S. Debreli,M,,174,,410227200,3061,,Türkiye,season_lineups
2516485,Radu Niculescu,R. Niculescu,F,,184,,162950400,3061,,Romania,season_lineups
5715,Sabri Sarioğlu,S. Sarioğlu,D,55,170,,459648000,3061,,Türkiye,season_lineups
38168,Jersson Gonzalez Diaz,J. G. Diaz,M,,174,,159062400,3061,,Colombia,season_lineups
1422240,Rüstü Reçber,R. Reçber,G,34,187,,105840000,3052,,Türkiye,season_lineups
2321019,Zoran Mirkovic,Z. Mirkovic,D,,182,,54259200,3052,,Serbia,season_lineups
2514742,Ogun Temizkanoglu,O. Temizkanoglu,D,,181,,-7516800,3052,,Türkiye,season_lineups
25486,Ümit Özat,Ü. Özat,D,5,186,,215481600,3052,,Türkiye,season_lineups
12633,Nikola Lazetic,N. Lazetic,,,175,,255830400,3052,,Serbia,season_lineups
1854458,Haim Revivo,H. Revivo,F,,,,67564800,3052,,Israel,season_lineups
2512075,Samuel Johnson,S. Johnson,M,,182,,112406400,3052,,Ghana,season_lineups
31680,Yusuf Simsek,Y. Simsek,,29,185,,175046400,3052,,Türkiye,season_lineups
1422251,Abdullah Ercan,A. Ercan,M,22,182,,60998400,3052,,Türkiye,season_lineups
18494,Milan Rapaic,M. Rapaic,,,183,,114307200,3052,,Croatia,season_lineups
9472,Serhat Akin,S. Akin,F,,178,,360547200,3052,,Türkiye,season_lineups
2516489,Misko Mirkovic,M. Mirkovic,D,,178,,-107395200,3052,,Serbia,season_lineups
1845090,Oktay Derelioğlu,O. Derelioğlu,F,,179,,188006400,3052,,Türkiye,season_lineups
2510650,Hakan Bayraktar,H. Bayraktar,,,,,,3052,,,season_lineups
60506,Oguz Daglaroglu,O. Daglaroglu,G,,183,,303782400,3052,,Türkiye,season_lineups
2323158,Mustafa Dogan,M. Dogan,D,,,,189302400,3052,,Germany,season_lineups
5313,Ali Gunes,A. Gunes,M,,177,,280627200,3052,,Türkiye,season_lineups
5868,Ceyhun Eriş,C. Eris,F,77,180,,232502400,3052,,Türkiye,season_lineups
2315039,Kennet Andersson,K. Andersson,F,,193,,-70675200,3052,,Sweden,season_lineups
2513212,Ali Akdeniz,A. Akdeniz,M,,178,,166924800,3052,,Türkiye,season_lineups
2513247,Serkan Ozsoy,S. Ozsoy,,,,,,3052,,,season_lineups
2514778,Uche Okechukwu,U. Okechukwu,D,,187,,-71452800,3052,,Nigeria,season_lineups
1854677,Recep Biler,R. Biler,G,,193,,358128000,3052,,Türkiye,season_lineups
5914,Bilal Kisa,B. Kisa,M,10,180,,425088000,3052,,Türkiye,season_lineups
2516659,Erhan Uyaroğlu,E. Uyaroğlu,F,,182,,402710400,3052,,Türkiye,season_lineups
12397,Fatih Akyel,F. Akyel,D,4,180,,251942400,3052,,Türkiye,season_lineups
2472155,Simão,Simão,M,,182,,-37584000,3052,,Brazil,season_lineups
2510639,Fevzi Tuncay,F. Tuncay,G,,194,,243043200,3050,,Türkiye,season_lineups
1854370,Ahmet Yildirim,A. Yildirim,M,4,188,,136080000,3050,,Türkiye,season_lineups
2510640,Umit Bozkurt,U. Bozkurt,D,,181,,198806400,3050,,Türkiye,season_lineups
5736,Erman Guracar,E. Guracar,,,182,,146534400,3050,,Türkiye,season_lineups
1422254,Nihat Kahveci,N. Kahveci,F,15,175,,312163200,3050,,Türkiye,season_lineups
2515509,Bayram Bektaş,B. Bektaş,M,,186,,129686400,3050,,Türkiye,season_lineups
2323350,Zoubaier Baya,Z. Baya,M,,176,,43113600,3050,,Tunisia,season_lineups
1854371,Sulun Yasin,S. Yasin,M,6,183,,251164800,3050,,Türkiye,season_lineups
5312,Ibrahim Uzulmez,I. Uzulmez,D,19,175,,132105600,3050,,Türkiye,season_lineups
5328,Ahmet Dursun,A. Dursun,F,7,176,,254534400,3050,,Türkiye,season_lineups
1422258,Ilhan Mansiz,I. Mansiz,F,26,184,,176860800,3050,,Türkiye,season_lineups
1854372,Arild Stavrum,A. Stavrum,F,,185,,72230400,3050,,Norway,season_lineups
5322,Tümer Metin,T. Metin,M,67,178,,150940800,3050,,Türkiye,season_lineups
808307,Sertan Eser,S. Eser,F,,176,,132796800,3050,,Türkiye,season_lineups
1854361,Nuvit Yildiz,N. Yildiz,G,,,,339120000,3050,,Türkiye,season_lineups
2323124,Necat Aygun,N. Aygun,D,,190,,320371200,3050,,Germany,season_lineups
2517725,Dmitriy Khlestov,D. Khlestov,D,,177,,33264000,3050,,Russia,season_lineups
1422252,Tayfur Havutcu,T. Havutcu,M,3,180,,9676800,3050,,Türkiye,season_lineups
2517731,Peter Kjaer,P. Kjaer,G,,187,,-131155200,3050,,Denmark,season_lineups
5310,Guiaro Ronaldo,G. Ronaldo,D,5,186,,130377600,3050,,Brazil,season_lineups
2323394,Sixten Veit,S. Veit,M,,,,518400,3050,,Germany,season_lineups
60348,Ilhan Sahin,I. Sahin,,24,182,,336441600,3050,,Türkiye,season_lineups
2514759,Tunc Kip,T. Kip,M,,184,,350870400,3050,,Türkiye,season_lineups
66147,Ali Cansun Begecarslan,A. C. Begecarslan,F,,185,,401155200,3050,,Türkiye,season_lineups
2514799,Mehmet Aksu,M. Aksu,,,,,,3050,,,season_lineups
1854364,Ali Eren Beserler,A. E. Beserler,D,,183,,183427200,3050,,Türkiye,season_lineups
1421670,Thomas Myhre,T. Myhre,G,,188,,119577600,3050,,Norway,season_lineups
2512839,Tamer Tuna,T. Tuna,,,,,,3050,,,season_lineups
7786,Mattias Asper,M. Asper,G,1,198,,132969600,3050,,Sweden,season_lineups
2466546,Marinho,Marinho,D,,185,,197164800,3050,,Brazil,season_lineups
2517708,Charles Roberto Da Silva,C. R. D. Silva,G,,,,64800000,3103,,Brazil,season_lineups
2513251,Faruk Namdar,F. Namdar,M,,,,137030400,3103,,Türkiye,season_lineups
2513240,Ismet Tasdemir,I. Tasdemir,,,,,,3103,,,season_lineups
2512837,Hakan Kutlu,H. Kutlu,,,,,,3103,,,season_lineups
1854363,Adem Dursun,A. Dursun,D,,186,,315014400,3103,,Türkiye,season_lineups
2514789,Hakan Keles,H. Keles,F,,178,,63676800,3103,,Türkiye,season_lineups
6214,Yilmaz Ozlem,Y. Ozlem,,,175,,76204800,3103,,Türkiye,season_lineups
2515487,Pachola,Pachola,,,,,,3103,,,season_lineups
2513220,Niyazi Guney,N. Guney,D,,180,,136166400,3103,,Türkiye,season_lineups
2321117,Augustine Ahinful,A. Ahinful,F,,,,155001600,3103,,Ghana,season_lineups
2517709,Ohene Kennedy,O. Kennedy,F,,181,,104803200,3103,,Ghana,season_lineups
2510559,Burak Ozsarac,B. Ozsarac,D,,185,,297561600,3103,,Türkiye,season_lineups
2472282,Rogério Belém,R. Belém,M,,180,,165196800,3103,,Brazil,season_lineups
2515960,Sedat Baş,S. Baş,M,,178,,273456000,3103,,Türkiye,season_lineups
2512555,Ozgur Yildirim,O. Yildirim,M,,179,,292723200,3103,,Türkiye,season_lineups
2512294,Tayfun Turkmen,T. Turkmen,F,,189,,261187200,3103,,Türkiye,season_lineups
43396,Zafer Ozgultekin,Z. Ozgultekin,,,183,,163641600,3103,,Türkiye,season_lineups
5286,Huseyin Kartal,H. Kartal,F,,189,,378691200,3103,,Türkiye,season_lineups
2515488,Cafer Aydin,C. Aydin,,,,,,3103,,,season_lineups
2514794,Mehmet Turkmehmet,M. Turkmehmet,,,,,,3103,,,season_lineups
2515496,Ziya Sahin,Z. Sahin,,,,,,3103,,,season_lineups
5255,Emre Gungor,E. Gungor,D,,183,,460166400,3103,,Türkiye,season_lineups
43469,Adem Koçak,A. Koçak,M,66,177,,431222400,3103,,Türkiye,season_lineups
2514763,Gokmen Baris,G. Baris,D,,182,,127785600,3103,,Türkiye,season_lineups
2517862,Fatih Sağlamtaş,F. Sağlamtaş,D,,,,410227200,3103,,Türkiye,season_lineups
5275,Umut Bulut,U. Bulut,F,,184,,416534400,3103,,Türkiye,season_lineups
1015097,Joseph Amoah,J. Amoah,M,,180,,355190400,3103,,Liberia,season_lineups
913559,Sunay Zafer,S. Zafer,G,99,,,379036800,3103,,Türkiye,season_lineups
2517830,Çağlar Ayan,Ç. Ayan,D,,,,428716800,3103,,Türkiye,season_lineups
238510,Abdulaye Soulama,A. Soulama,G,,,,312681600,3058,,Burkina Faso,season_lineups
14543,Abd El-Zaher El-Saqqa,A. El-Saqqa,D,,185,,128736000,3058,,Egypt,season_lineups
2517752,Tolunay Kafkas,T. Kafkas,M,,188,,-55382400,3058,,Türkiye,season_lineups
2514806,Hakan Cimen,H. Cimen,,,,,,3058,,,season_lineups
5303,Ali Tandogan,A. Tandogan,D,,175,,251856000,3058,,Türkiye,season_lineups
2514804,Muzaffer Bilazer,M. Bilazer,M,,177,,235612800,3058,,Türkiye,season_lineups
5869,Levent Kartop,L. Kartop,,,170,,304041600,3058,,Türkiye,season_lineups
5327,Ahmed Hassan,A. Hassan,M,77,175,,168220800,3058,,Egypt,season_lineups
2512804,Timucin Bayazit,T. Bayazit,M,,,,88905600,3058,,Türkiye,season_lineups
2512806,Coskun Birdal,C. Birdal,F,,174,,124502400,3058,,Türkiye,season_lineups
2517768,Dogan Seyfi Atli,D. S. Atli,,,,,,3058,,,season_lineups
2514387,Fernand Coulibaly,F. Coulibaly,F,,178,,32140800,3058,,Mali,season_lineups
2513388,Serdal Boyraz,S. Boyraz,M,,171,,187401600,3058,,Türkiye,season_lineups
2514798,Mustafa Sert,M. Sert,,,,,,3058,,,season_lineups
2512566,Suleyman Kucuk,S. Kucuk,G,,187,,256176000,3058,,Türkiye,season_lineups
2517836,Serkan Merç,S. Merç,M,,172,,347155200,3058,,Türkiye,season_lineups
2517767,Kemal Sonmez,K. Sonmez,,,,,,3058,,,season_lineups
5326,Veysel Cihan,V. Cihan,,,186,,192240000,3058,,Türkiye,season_lineups
2517842,Salih Yıldız,S. Yıldız,D,,,,280627200,3058,,Türkiye,season_lineups
2517845,Ogün Özcan,O. Özcan,D,,178,,371520000,3058,,Türkiye,season_lineups
2517837,Serkan Görgeç,S. Görgeç,M,,,,189302400,3058,,Türkiye,season_lineups
5367,Bulent Ertugrul,B. Ertugrul,D,5,181,,274838400,3058,,Türkiye,season_lineups
2517852,Mustafa Ceviz,M. Ceviz,F,,,,255312000,3058,,Türkiye,season_lineups
2517832,Turgay Tuğrul,T. Tuğrul,M,,,,347500800,3058,,Türkiye,season_lineups
5365,Ibrahim Celik,I. Celik,,,184,,326937600,3058,,Türkiye,season_lineups
2517821,Adnan Erkan,A. Erkan,G,,,,-61948800,3058,,Türkiye,season_lineups
2517802,Recep Bati,R. Bati,,,,,,3058,,,season_lineups
5863,Eyyup Hasan Ugur,E. H. Ugur,M,77,178,,235785600,3058,,Türkiye,season_lineups
2516618,Cengiz Topal,C. Topal,M,,184,,283996800,3058,,Türkiye,season_lineups
803403,Ilyas Kahraman,I. Kahraman,M,,178,,197078400,3058,,Türkiye,season_lineups
2517803,Ismail Dogan,I. Dogan,,,,,,3058,,,season_lineups
2513234,Alper Akici,A. Akici,,,,,,3058,,,season_lineups
7375,Janne Hietanen,J. Hietanen,D,2,182,,265593600,3058,,Finland,season_lineups
2515457,Marek Zajac,M. Zajac,M,,186,,117072000,3058,,Poland,season_lineups
2517831,Amir Alibaz,A. Alibaz,F,,,,86140800,3058,,Türkiye,season_lineups
2517766,Petri Helin,P. Helin,,,,,,3058,,,season_lineups
43506,Omer Catkic,O. Catkic,D,,182,,151027200,3060,,Türkiye,season_lineups
2512622,Ramazan Tunç,R. Tunç,D,,182,,180144000,3060,,Türkiye,season_lineups
43600,Mehmet Polat,M. Polat,,,178,,266112000,3060,,Türkiye,season_lineups
2512556,Mert Korkmaz,M. Korkmaz,D,,,,51148800,3060,,Türkiye,season_lineups
6192,Volkan Kursat Bekiroglu,V. K. Bekiroglu,,,175,,251424000,3060,,Türkiye,season_lineups
5510,Kemal Aslan,K. Aslan,M,27,176,,372729600,3060,,Türkiye,season_lineups
5803,Bulent Bolukbasi,B. Bolukbasi,,,174,,203817600,3060,,Türkiye,season_lineups
1854455,João Batista,J. Batista,M,7,175,,163123200,3060,,Brazil,season_lineups
2512292,Maksim Romashchenko,M. Romashchenko,M,,180,,207619200,3060,,Belarus,season_lineups
6175,Fatih Tekke,F. Tekke,F,9,178,,242611200,3060,,Türkiye,season_lineups
2513217,Hasan Ozer,H. Ozer,F,,185,,149817600,3060,,Türkiye,season_lineups
2517789,Andrey Krivov,A. Krivov,F,,177,,212371200,3060,,Russia,season_lineups
2517791,Hasan Gultang,H. Gultang,,,,,,3060,,,season_lineups
2514811,Mustafa Sahinturk,M. Sahinturk,,,,,,3060,,,season_lineups
2517776,Erik Yakhimovich,E. Yakhimovich,D,,186,,-41644800,3060,,Belarus,season_lineups
2517815,Adem Kaya,A. Kaya,F,,172,,271296000,3060,,Türkiye,season_lineups
2517777,Hakan Akbulut,H. Akbulut,,,,,,3060,,,season_lineups
2517788,Nikolay Ryndyuk,N. Ryndyuk,,,,,,3060,,,season_lineups
60544,Mustafa Marangoz,M. Marangoz,,,181,,328665600,3060,,Türkiye,season_lineups
5314,Ibrahim Toraman,I. Toraman,D,,179,,375062400,3060,,Türkiye,season_lineups
2517853,Doğan Çengel,D. Çengel,M,,,,258249600,3060,,Türkiye,season_lineups
2514775,Halit Koprulu,H. Koprulu,,,,,,3060,,,season_lineups
2513234,Alper Akici,A. Akici,,,,,,3060,,,season_lineups
2515474,Cetin Guner,C. Guner,,,,,,3060,,,season_lineups
2517793,Engin Hossoy,E. Hossoy,,,,,,3060,,,season_lineups
6173,Emrah Eren,E. Eren,D,34,175,,279763200,3060,,Türkiye,season_lineups
2472152,Júlio César,J. César,M,,162,,203644800,3060,,Brazil,season_lineups
988205,Hasan Yurt,H. Yurt,D,,182,,266544000,3060,,Türkiye,season_lineups
37879,Vladan Milosevic,V. Milosevic,D,,177,,639273600,3060,,Switzerland,season_lineups
94605,Murat Ibrahim Uslu,M. I. Uslu,G,,181,,269481600,3060,,Türkiye,season_lineups
2472959,Andre Santos,A. Santos,D,,180,,159580800,3060,,Brazil,season_lineups
39420,Pereira,Pereira,D,,189,,302140800,3060,,Brazil,season_lineups
2326627,Viola,Viola,F,,178,,-31536000,3060,,Brazil,season_lineups
5758,Erdal Güneş,E. Güneş,F,,184,,386208000,3060,,Türkiye,season_lineups
21823,Bekir İrtegün,B. İrtegün,D,,185,,451267200,3060,,Türkiye,season_lineups
2517823,Ali Borazan,A. Borazan,F,,,,190166400,3060,,Türkiye,season_lineups
2510639,Fevzi Tuncay,F. Tuncay,G,,194,,243043200,3060,,Türkiye,season_lineups
2491673,Radoslaw Majdan,R. Majdan,G,,185,,74304000,3054,,Poland,season_lineups
60247,Gokhan Kok,G. Kok,D,,178,,347328000,3054,,Türkiye,season_lineups
2516607,Kenan Arayıcı,K. Arayıcı,D,,,,63417600,3054,,Türkiye,season_lineups
2516495,Emre Gusar,E. Gusar,D,,185,,242179200,3054,,Türkiye,season_lineups
43513,Mustafa Ozkan,M. Ozkan,,,,,159494400,3054,,Türkiye,season_lineups
5397,Can Cumhur Bozaci,C. C. Bozaci,,,178,,146448000,3054,,Türkiye,season_lineups
2517775,Metin Diyadin,M. Diyadin,,,,,,3054,,,season_lineups
2516493,Mehmet Onur,M. Onur,,,,,,3054,,,season_lineups
2515104,Tayfun Yungul,T. Yungul,M,,184,,101520000,3054,,Türkiye,season_lineups
3700,Péter Kabát,P. Kabát,F,,182,,243907200,3054,,Hungary,season_lineups
5381,Ersen Martin,E. Martin,F,,,,296265600,3054,,Türkiye,season_lineups
84741,Zafer Biryol,Z. Biryol,F,,180,,213062400,3054,,Türkiye,season_lineups
43519,Korhan Ozturk,K. Ozturk,,,174,,362534400,3054,,Türkiye,season_lineups
2514788,Zafer Uysal,Z. Uysal,,,,,,3054,,,season_lineups
5890,Bora Körk,B. Körk,G,,187,,329356800,3054,,Türkiye,season_lineups
5488,Servet Çetin,S. Çetin,D,3,191,,353635200,3054,,Türkiye,season_lineups
2517762,Ilkan Aksoy,I. Aksoy,M,,173,,119577600,3054,,Türkiye,season_lineups
2516464,Umit Inal,U. Inal,F,,190,,-9072000,3054,,Türkiye,season_lineups
17373,Miroslav Barcik,M. Barcik,M,,174,,264988800,3054,,Slovakia,season_lineups
2512825,Cem Baki,C. Baki,M,,175,,240883200,3054,,Türkiye,season_lineups
2512561,Goksel Akinci,G. Akinci,,,,,,3054,,,season_lineups
2516498,Cuneyt Kocabicak,C. Kocabicak,D,,,,267062400,3054,,Türkiye,season_lineups
2517846,Nebi Emre Doğru,N. E. Doğru,D,,176,,326937600,3054,,Türkiye,season_lineups
1421806,Helman Mkhalele,H. Mkhalele,F,,180,,-6307200,3054,,South Africa,season_lineups
43681,Koray Colgecen,K. Colgecen,D,,185,,486086400,3054,,Türkiye,season_lineups
2517826,İsmail Dermenci,İ. Dermenci,F,,,,382665600,3054,,Türkiye,season_lineups
2517746,Erkan Sozeri,E. Sozeri,D,,179,,-114307200,3054,,Türkiye,season_lineups
2517839,Selahattin Özbir,S. Özbir,F,,,,143683200,3054,,Türkiye,season_lineups
2515463,Alper Mutlu Ozel,A. M. Ozel,,,,,,3054,,,season_lineups
2517848,Burhan Akcan,B. Akcan,D,,,,157766400,3054,,Türkiye,season_lineups
2505523,Patrick Nys,P. Nys,G,,190,,-29462400,7802,,Belgium,season_lineups
43688,Ismail Gulduren,I. Gulduren,,,183,,284774400,7802,,Türkiye,season_lineups
2516469,Mehmet Ali Cakmak,M. A. Cakmak,F,,178,,162777600,7802,,Türkiye,season_lineups
6150,Tolga Dogantez,T. Dogantez,,,182,,162259200,7802,,Türkiye,season_lineups
159,Filip Daems,F. Daems,D,3,181,,278640000,7802,,Belgium,season_lineups
14526,Marcel Kimemba M'Bayo,M. K. M'Bayo,M,,168,,262137600,7802,,DR Congo,season_lineups
2514812,Nihat Basturk,N. Basturk,,,,,,7802,,,season_lineups
75,Thomas Zdebel,T. Zdebel,,,178,,107136000,7802,,Poland,season_lineups
2517785,Tarik Dasgun,T. Dasgun,,,,,,7802,,,season_lineups
14344,Souleymane Youla,S. Youla,F,,181,,375840000,7802,,Guinea,season_lineups
2516484,Ferit Alper Salgin,F. A. Salgin,F,,184,,181180800,7802,,Türkiye,season_lineups
2516636,Mohammed Lawal,M. Lawal,M,,,,427248000,7802,,Nigeria,season_lineups
2516683,İdris Gümüşdere,İ. Gümüşdere,D,,,,217728000,7802,,Türkiye,season_lineups
1879061,Hasan Sönmez,H. Sönmez,G,,183,,212630400,7802,,Türkiye,season_lineups
130590,Omer Topraktepe,O. Topraktepe,D,,183,,333936000,7802,,Türkiye,season_lineups
5512,Serkan Balci,S. Balci,D,,169,,430358400,7802,,Türkiye,season_lineups
2514793,Beyhan Sumer,B. Sumer,,,,,,7802,,,season_lineups
2517784,Engin Ozdemir,E. Ozdemir,,,,,,7802,,,season_lineups
2515860,Mustafa Gönden,M. Gönden,M,,,,176083200,7802,,Türkiye,season_lineups
2516502,Ferdi Tatli,F. Tatli,M,,175,,288403200,7802,,Türkiye,season_lineups
2517865,Emre Eren,E. Eren,D,,,,218246400,7802,,Türkiye,season_lineups
2517763,Omer Karabacak,O. Karabacak,D,,,,305942400,7802,,Türkiye,season_lineups
2517803,Ismail Dogan,I. Dogan,,,,,,7802,,,season_lineups
2512577,Unal Sari,U. Sari,,,,,,7802,,,season_lineups
14543,Abd El-Zaher El-Saqqa,A. El-Saqqa,D,,185,,128736000,7802,,Egypt,season_lineups
5327,Ahmed Hassan,A. Hassan,M,77,175,,168220800,7802,,Egypt,season_lineups
2515488,Cafer Aydin,C. Aydin,,,,,,7802,,,season_lineups
43578,Doga Kaya,D. Kaya,M,12,177,,457401600,7802,,Türkiye,season_lineups
60574,Okan Koc,O. Koc,F,71,183,,380505600,7802,,Türkiye,season_lineups
60278,Ziya Aydin,Z. Aydin,G,1,187,,301708800,7802,,Türkiye,season_lineups
2512824,Zdravko Zdravkov,Z. Zdravkov,G,,186,,23846400,3066,,Bulgaria,season_lineups
2515489,Niyazi Huseyinoglu,N. Huseyinoglu,,,,,,3066,,,season_lineups
2515484,Bekir Gur,B. Gur,,,,,,3066,,,season_lineups
2514765,Saffet Akbas,S. Akbas,D,,186,,-41472000,3066,,Türkiye,season_lineups
1421750,Ivaylo Petkov,I. Petkov,D,4,186,,196473600,3066,,Bulgaria,season_lineups
2513249,Mithat Yavas,M. Yavas,,,,,,3066,,,season_lineups
12384,Selçuk Şahin,S. Şahin,M,21,189,,349747200,3066,,Türkiye,season_lineups
5909,Alioum Saidou,A. Saidou,,,180,,256694400,3066,,Cameroon,season_lineups
5907,Murat Erdogan,M. Erdogan,M,,180,,207705600,3066,,Türkiye,season_lineups
21689,Alban Bushi,A. Bushi,,,180,,177724800,3066,,Albania,season_lineups
2517757,Hadis Zubanovic,H. Zubanovic,,,,,,3066,,,season_lineups
2516516,Zeki Onatli,Z. Onatli,,,,,,3066,,,season_lineups
5490,Mehmet Yozgatli,M. Yozgatli,F,7,181,,284688000,3066,,Türkiye,season_lineups
1854368,Halit Guven Kocabal,H. G. Kocabal,M,,180,,292723200,3066,,Türkiye,season_lineups
2516477,Ilker Yagcioglu,I. Yagcioglu,D,,178,,-120355200,3066,,Türkiye,season_lineups
2515507,Ferdi Yanik,F. Yanik,F,55,189,,352684800,3066,,Türkiye,season_lineups
2512572,Haluk Gungor,H. Gungor,,,,,,3066,,,season_lineups
2517765,Fuat Buruk,F. Buruk,,,,,,3066,,,season_lineups
2517825,Şaban Özlem,Ş. Özlem,D,,,,256348800,3066,,Türkiye,season_lineups
2514779,Andre Borges,A. Borges,,,,,,3066,,,season_lineups
2313612,Bülent Üçüncü,B. Üçüncü,F,,168,,145584000,3066,,Türkiye,season_lineups
2517866,Engin Şimşek,E. Şimşek,M,,,,230083200,3066,,Türkiye,season_lineups
43507,Yalçın Ayhan,Y. Ayhan,D,44,191,,389059200,3066,,Türkiye,season_lineups
60253,Cenk Isler,C. Isler,F,,180,,130982400,3066,,Türkiye,season_lineups
2517859,Güner Topçu,G. Topçu,G,,,,341798400,3066,,Türkiye,season_lineups
2514762,Senol Karagol,S. Karagol,G,,186,,128304000,3055,,Türkiye,season_lineups
2515465,Omer Kilic,O. Kilic,D,,177,,62380800,3055,,Türkiye,season_lineups
5732,Riadh Bouazizi,R. Bouazizi,M,,177,,103075200,3055,,Tunisia,season_lineups
2512303,Erkan Ozbey,E. Ozbey,D,,181,,255916800,3055,,Türkiye,season_lineups
2512573,Ender Alkan,E. Alkan,M,,180,,221011200,3055,,Türkiye,season_lineups
1421803,John Moshoeu,J. Moshoeu,M,,177,,-127440000,3055,,South Africa,season_lineups
54164,Tayfun Seven,T. Seven,M,18,179,,330739200,3055,,Türkiye,season_lineups
82019,Suleyman Fatih Sen,S. F. Sen,,,173,,303091200,3055,,Türkiye,season_lineups
43618,Murat Hacioglu,M. Hacioglu,F,8,169,,297820800,3055,,Türkiye,season_lineups
2491092,Okan Yilmaz,O. Yilmaz,F,,178,,264124800,3055,,Türkiye,season_lineups
2514787,Murat Sozkesen,M. Sozkesen,,,,,,3055,,,season_lineups
2517736,Hakan Demir,H. Demir,M,,,,180403200,3055,,Türkiye,season_lineups
2517737,Sinan Yesil,S. Yesil,M,,,,67305600,3055,,Türkiye,season_lineups
43612,Taner Gulleri,T. Gulleri,,,185,,199584000,3055,,Türkiye,season_lineups
18756,Serdar Kulbilge,S. Kulbilge,G,22,186,,331776000,3055,,Türkiye,season_lineups
2514777,Serkan Damla,S. Damla,,,,,,3055,,,season_lineups
2510653,Mustafa Er,M. Er,,,,,,3055,,,season_lineups
2514813,Ilhan Var,I. Var,,,,,,3055,,,season_lineups
59597,Mamadou Tall,M. Tall,D,,185,,407808000,3055,,Burkina Faso,season_lineups
2517795,Milos Sobona,M. Sobona,,,,,,3055,,,season_lineups
14099,Marián Kelemen,M. Kelemen,G,,188,,313372800,3055,,Slovakia,season_lineups
2323569,Samir Kamouna,S. Kamouna,D,,185,,71020800,3055,,Egypt,season_lineups
2517841,Sedat Şimşek,S. Şimşek,M,,,,322531200,3055,,Türkiye,season_lineups
60633,Mehmet Al,M. Al,F,,180,,426729600,3055,93000,Türkiye,season_lineups
81957,Faruk Atalay,F. Atalay,,,176,,353721600,3055,,Türkiye,season_lineups
2514786,Alp Kucukvardar,A. Kucukvardar,,,,,,3055,,,season_lineups
43711,Egemen Korkmaz,E. Korkmaz,D,,182,,405129600,3055,,Türkiye,season_lineups
2517327,Patrick Apataki,P. Apataki,F,,185,,295488000,3055,,DR Congo,season_lineups
3978,Metin Telle,M. Telle,,,180,,336009600,3055,,Türkiye,season_lineups
43399,Metin Akan,M. Akan,F,,180,,422928000,3055,,Türkiye,season_lineups
54636,Ahmet Şahin,A. Şahin,G,,190,,259372800,3065,,Türkiye,season_lineups
2510562,Omer Aysan Baris,O. A. Baris,D,,177,,396230400,3065,,Türkiye,season_lineups
2516494,Faruk Sarman,F. Sarman,M,,187,,52358400,3065,,Türkiye,season_lineups
2516441,Milan Timko,M. Timko,D,,190,,91756800,3065,,Slovakia,season_lineups
60251,Engin Oztonga,E. Oztonga,,,179,,271555200,3065,,Türkiye,season_lineups
2512571,Hasan Yigit,H. Yigit,,,,,,3065,,,season_lineups
47563,Ayman Mohamed Abdelaziz,A. M. Abdelaziz,,,178,,280368000,3065,,Egypt,season_lineups
5693,Cihan Haspolatli,C. Haspolatli,M,,184,,315792000,3065,,Türkiye,season_lineups
2515064,Nuri Çolak,N. Çolak,D,,180,,177465600,3065,,Türkiye,season_lineups
5761,Zdravko Lazarov,Z. Lazarov,F,,179,,193622400,3065,,Bulgaria,season_lineups
11258,Alexandar Yordanov Aleksandrov,A. Y. Aleksandrov,,,176,,159321600,3065,,Bulgaria,season_lineups
1854369,Roman Dabrowski,R. Dabrowski,M,17,,,69379200,3065,,Poland,season_lineups
43619,Serdar Topraktepe,S. Topraktepe,F,41,183,,209779200,3065,,Türkiye,season_lineups
55025,Cem Sinan Vergul,C. S. Vergul,,,177,,278121600,3065,,Türkiye,season_lineups
2517732,Metin Mert,M. Mert,G,,,,-145670400,3065,,Germany,season_lineups
37439,Buelent Kaan Bilgen,B. K. Bilgen,D,,170,,229046400,3065,,Austria,season_lineups
2321086,Tomislav Erceg,T. Erceg,F,,,,56937600,3065,,Croatia,season_lineups
2517807,Murat Sahin,M. Sahin,,,,,,3065,,,season_lineups
2516509,Cenker Dirlik,C. Dirlik,,,,,,3065,,,season_lineups
2517851,Cihan Erdil,C. Erdil,D,,,,319593600,3065,,Türkiye,season_lineups
2321496,Kwame Ayew,K. Ayew,F,,182,,125884800,3065,,Ghana,season_lineups
2515469,Ahmet Arslaner,A. Arslaner,D,,,,30844800,3065,,Türkiye,season_lineups
1015002,Jonah Sarwieh,J. Sarwieh,M,,,,180748800,3065,,Liberia,season_lineups
29179,Orhan Ak,O. Ak,D,4,180,,307411200,3065,,Türkiye,season_lineups
31256,Hakan Arikan,H. Arikan,G,84,192,,398390400,3065,,Türkiye,season_lineups
2517780,Mohamed Sedik,M. Sedik,,,,,,3065,,,season_lineups
2326858,Vítor,Vítor,D,,177,,86486400,3065,,Brazil,season_lineups
2516631,Mustafa Biner,M. Biner,M,,,,457660800,3065,,Türkiye,season_lineups
2516508,Selcuk Keskin,S. Keskin,M,,,,417225600,3065,,Türkiye,season_lineups
2516529,Tayfun Ozturk,T. Ozturk,,,,,,3065,,,season_lineups
81611,Seyhan Cenk Tekelioglu,S. C. Tekelioglu,G,,185,,113270400,362025,,Türkiye,season_lineups
2512817,Murat Duman,M. Duman,D,,174,,134265600,362025,,Türkiye,season_lineups
2517745,Birol Demirhan,B. Demirhan,D,,,,20390400,362025,,Türkiye,season_lineups
2517755,Rahim Zafer,R. Zafer,,,,,,362025,,,season_lineups
2517774,Mohamed Youssef,M. Youssef,,,,,,362025,,,season_lineups
2517744,Murat Alacayir,M. Alacayir,M,,,,113011200,362025,,Türkiye,season_lineups
2512826,Ergin Yucetas,E. Yucetas,M,,,,283392000,362025,,Türkiye,season_lineups
2513239,Deniz Kolgu,D. Kolgu,,,,,,362025,,,season_lineups
6172,Celaleddin Kocak,C. Kocak,,,,,249177600,362025,,Türkiye,season_lineups
2516478,Andre Kona,A. Kona,F,,181,,14342400,362025,,DR Congo,season_lineups
1854373,Fazli Ulusal,F. Ulusal,F,,183,,126230400,362025,,Türkiye,season_lineups
2517834,Sinan Közen,S. Közen,F,,,,279072000,362025,,Türkiye,season_lineups
2517835,Armağan Yapıcı,A. Yapıcı,F,,,,110764800,362025,,Türkiye,season_lineups
5896,Omer Erdogan,O. Erdogan,D,,191,,231465600,362025,,Türkiye,season_lineups
2516665,Bahattin Yıldırım,B. Yıldırım,G,,,,9676800,362025,,Türkiye,season_lineups
2517773,Selcuk Beyaz,S. Beyaz,,,,,,362025,,,season_lineups
2514786,Alp Kucukvardar,A. Kucukvardar,,,,,,362025,,,season_lineups
2517804,Tuncay Aksoy,T. Aksoy,,,,,,362025,,,season_lineups
2517756,Muammer Surmeli,M. Surmeli,D,,184,,112838400,362025,,Türkiye,season_lineups
2517838,Serdar Hoşhan,S. Hoşhan,M,,,,125971200,362025,,Türkiye,season_lineups
2516445,Ali Yilmaz,A. Yilmaz,M,,,,288403200,362025,,Türkiye,season_lineups
2517778,Dariusz Dzwigala,D. Dzwigala,,,,,,362025,,,season_lineups
2517858,Ekrem Köse,E. Köse,G,,,,207360000,362025,,Türkiye,season_lineups
2517754,Artur Sarnat,A. Sarnat,G,,188,,22636800,362025,,Poland,season_lineups
44778,Olgierd Moskalewicz,O. Moskalewicz,,,180,,130204800,362025,,Poland,season_lineups
5803,Bulent Bolukbasi,B. Bolukbasi,,,174,,203817600,362025,,Türkiye,season_lineups
2514762,Senol Karagol,S. Karagol,G,,186,,128304000,362025,,Türkiye,season_lineups
2516506,Dida,Dida,,,,,,362025,,,season_lineups
2517771,Kofi Debrah,K. Debrah,,,,,,362025,,,season_lineups
2515486,Gerino Santos Moura,G. S. Moura,,,,,,362025,,,season_lineups
2517833,Tarık Aygün,T. Aygün,M,,,,413856000,362025,,Türkiye,season_lineups
2515698,Hakan Polat,H. Polat,G,,,,-15897600,3067,,Türkiye,season_lineups
2517797,Hayati Palanci,H. Palanci,D,,,,-68860800,3067,,Türkiye,season_lineups
2517769,Metin Cay,M. Cay,,,,,,3067,,,season_lineups
5862,Omer Gundostu,O. Gundostu,,,185,,202435200,3067,,Türkiye,season_lineups
2517798,Levent Gundogdu,L. Gundogdu,,,,,,3067,,,season_lineups
2517799,Ali Kulaksiz,A. Kulaksiz,,,,,,3067,,,season_lineups
60606,Selcuk Yildirimkaya,S. Yildirimkaya,,,181,,188352000,3067,,Türkiye,season_lineups
2517742,Nesim Ozgur,N. Ozgur,M,,181,,108345600,3067,,Bulgaria,season_lineups
2517800,Resul Dege,R. Dege,,,,,,3067,,,season_lineups
2514791,Fazli Ulusoy,F. Ulusoy,F,,184,,164332800,3067,,Türkiye,season_lineups
2517801,Sasa Kovacevic,S. Kovacevic,,,,,,3067,,,season_lineups
2517770,Cemal Koc,C. Koc,,,,,,3067,,,season_lineups
2516623,Abdülkadir Demirci,A. Demirci,M,,,,89596800,3067,,Türkiye,season_lineups
2516622,Mehmet İpek,M. İpek,M,,176,,204508800,3067,,Türkiye,season_lineups
2516519,Ali Kemal Arslan,A. K. Arslan,G,,,,223948800,3067,,Türkiye,season_lineups
826717,Şehmus Özer,Ş. Özer,F,,180,,326764800,3067,,Türkiye,season_lineups
2517857,Hüseyin Küçük,H. Küçük,F,,,,170121600,3067,,Türkiye,season_lineups
2517805,Ayhan Sirin,A. Sirin,,,,,,3067,,,season_lineups
2324025,Alexander Löbe,A. Löbe,F,,,,90460800,3067,,Germany,season_lineups
2517740,Goran Lazarevski,G. Lazarevski,M,,,,156470400,3067,,North Macedonia,season_lineups
2517854,Murat Kurt,M. Kurt,M,,,,141868800,3067,,Türkiye,season_lineups
2514758,Petar Milosevski,P. Milosevski,,,,,,3067,,,season_lineups
2512818,Evren Turhan,E. Turhan,M,,178,,148003200,3067,,Türkiye,season_lineups
2517741,Norman Mapeza,N. Mapeza,M,,184,,71884800,3067,,Zimbabwe,season_lineups
2513219,Serkan Bensol,S. Bensol,,,,,,3067,,,season_lineups
2513249,Mithat Yavas,M. Yavas,,,,,,3067,,,season_lineups
2517864,Erhan Koç,E. Koç,F,,,,69033600,3067,,Türkiye,season_lineups
2515496,Ziya Sahin,Z. Sahin,,,,,,3067,,,season_lineups
2517806,Mohamed Sillah,M. Sillah,,,,,,3067,,,season_lineups
2516454,Arsim Abazi,A. Abazi,D,,187,,91756800,3067,,Kosovo,season_lineups
2280139,Artim Sakiri,A. Sakiri,M,,,,117590400,3067,,North Macedonia,season_lineups
2517762,Ilkan Aksoy,I. Aksoy,M,,173,,119577600,3067,,Türkiye,season_lineups
6190,Tolga Seyhan,T. Seyhan,D,,187,,222307200,3067,,Türkiye,season_lineups
2512556,Mert Korkmaz,M. Korkmaz,D,,,,51148800,3067,,Türkiye,season_lineups
2471950,Zé Carlos,Z. Carlos,F,,175,,164419200,3067,,Brazil,season_lineups
60636,Osman Firat,O. Firat,D,,180,,461116800,3067,,Türkiye,season_lineups
2517855,Mikail Öztürk,M. Öztürk,F,,,,391910400,3067,,Türkiye,season_lineups
2510644,Metin Aktas,M. Aktas,G,,186,,239241600,3051,,Türkiye,season_lineups
2517753,Santiago Salazar,S. Salazar,D,,184,,152582400,3051,,Peru,season_lineups
2515460,Macit Guven,M. Guven,,,,,,3051,,,season_lineups
2514773,Cem Beceren,C. Beceren,D,,188,,211939200,3051,,Türkiye,season_lineups
2195,Hans Somers,H. Somers,,,184,,258249600,3051,,Belgium,season_lineups
6176,Gökdeniz Karadeniz,G. Karadeniz,M,61,169,,316396800,3051,,Türkiye,season_lineups
5500,Mehmet Aurélio,M. Aurélio,M,15,179,,250992000,3051,,Türkiye,season_lineups
2516522,Marcio Jarro,M. Jarro,,,,,,3051,,,season_lineups
5299,Erman Ozgur,E. Ozgur,,,180,,229737600,3051,,Türkiye,season_lineups
2515490,Biula,Biula,M,,181,,179193600,3051,,Brazil,season_lineups
2512803,Zafer Demiray,Z. Demiray,F,,,,214531200,3051,,Türkiye,season_lineups
60531,Mehmet Kahriman,M. Kahriman,,,181,,334368000,3051,,Türkiye,season_lineups
2323553,Hami Mandirali,H. Mandirali,F,,178,,-45792000,3051,,Türkiye,season_lineups
2515432,Gungor Ozturk,G. Ozturk,D,,184,,251769600,3051,,Türkiye,season_lineups
2513214,Murat Yigiter,M. Yigiter,G,,189,,42508800,3051,,Türkiye,season_lineups
2514810,Osman Ozkoylu,O. Ozkoylu,D,,188,,52012800,3051,,Türkiye,season_lineups
2512307,Hasan Ucuncu,H. Ucuncu,,,,,,3051,,,season_lineups
2517808,Nuri Yilmaz,N. Yilmaz,,,,,,3051,,,season_lineups
2517856,Eduardo Suisso,E. Suisso,M,,184,,256003200,3051,,Brazil,season_lineups
2517840,Augustine James,A. James,F,,177,,443232000,3051,,Nigeria,season_lineups
2514771,Erhan Namli,E. Namli,,,,,,3051,,,season_lineups
140739,Kenan Baskan,K. Baskan,,,,,378691200,3051,,Türkiye,season_lineups
2517783,Gokhan Kolomoc,G. Kolomoc,,,,,,3051,,,season_lineups
2517809,Patrick Villars,P. Villars,,,,,,3051,,,season_lineups
6194,Bulent Ataman,B. Ataman,,,191,,140832000,3051,,Türkiye,season_lineups
2517861,Ferdi Serdar,F. Serdar,M,,,,460166400,3051,,Türkiye,season_lineups
60228,Osman Kurtuldu,O. Kurtuldu,G,,186,,349920000,3051,,Türkiye,season_lineups
98985,Senol Erol,S. Erol,F,,181,,355708800,3051,,Türkiye,season_lineups
41122,Georgi Markov,G. Markov,,,182,,64713600,3051,,Bulgaria,season_lineups
2512557,Kursat Duymus,K. Duymus,D,,186,,286675200,3051,,Türkiye,season_lineups
21689,Alban Bushi,A. Bushi,,,180,,177724800,3051,,Albania,season_lineups
18218,Tayfun Cora,T. Cora,D,,182,,439430400,3051,,Türkiye,season_lineups
43548,Feridun Sungur,F. Sungur,D,99,177,,441849600,3051,,Türkiye,season_lineups
2517849,Mustafa Ramazan,M. Ramazan,M,,185,,412560000,3051,,Türkiye,season_lineups
2513210,Alioum Boukar,A. Boukar,G,,180,,63244800,3053,,Cameroon,season_lineups
6153,Kenan Yelek,K. Yelek,D,,,,177292800,3053,,Türkiye,season_lineups
2516457,Ercan Kologlu,E. Kologlu,D,,183,,-59616000,3053,,Türkiye,season_lineups
2517782,Serkan Karababa,S. Karababa,,,,,,3053,,,season_lineups
2516456,Vural Korkmaz,V. Korkmaz,M,,,,71193600,3053,,Türkiye,season_lineups
5783,Mehmet Nas,M. Nas,M,21,176,,311904000,3053,,Türkiye,season_lineups
2512868,Serkan Dökme,S. Dökme,M,,168,,238032000,3053,,Türkiye,season_lineups
2514764,Muslim Can,M. Can,D,,,,172627200,3053,,Türkiye,season_lineups
2513211,Celil Sagir,C. Sagir,M,,168,,135216000,3053,,Türkiye,season_lineups
2516486,Ertugrul Saglam,E. Saglam,,,,,,3053,,,season_lineups
6184,Mehmet Hilmi Yilmaz,M. H. Yilmaz,,,185,,296179200,3053,,Türkiye,season_lineups
2514744,Stephen Baidoo,S. Baidoo,D,,179,,212457600,3053,,Ghana,season_lineups
60583,Can Ulun,C. Ulun,D,,176,,412387200,3053,,Türkiye,season_lineups
6155,Musa Aydin,M. Aydin,F,,172,,341884800,3053,,Türkiye,season_lineups
2513209,Goksel Gencer,G. Gencer,G,,186,,144028800,3053,,Türkiye,season_lineups
2512821,Hakki Hocaoglu,H. Hocaoglu,D,,183,,160444800,3053,,Türkiye,season_lineups
6151,Adnan Gungor,A. Gungor,D,,179,,338256000,3053,,Türkiye,season_lineups
2516650,Furkan Baştan,F. Baştan,M,,178,,400809600,3053,,Türkiye,season_lineups
2516535,Murat Ismailoglu,M. Ismailoglu,,,,,,3053,,,season_lineups
2517747,Ben Ofosu Piasare,B. O. Piasare,M,,,,219801600,3053,,Ghana,season_lineups
1593,Ersin Demir,E. Demir,,,174,,250387200,3053,,Germany,season_lineups
2517735,Alfred Phiri,A. Phiri,M,,174,,141091200,3053,,South Africa,season_lineups
55774,Bekim Kuli,B. Kuli,M,,181,,382924800,3053,,Albania,season_lineups
2517850,Cengiz Uzunköse,C. Uzunköse,G,,,,400896000,3053,,Türkiye,season_lineups
2517867,Erdinç Yalçın,E. Yalçın,F,,,,346636800,3053,,Türkiye,season_lineups
10839,Klodian Duro,K. Duro,,,177,,251510400,3053,,Albania,season_lineups
2516678,Sandro Souza,S. Souza,M,,171,,235267200,3053,,Brazil,season_lineups
2517772,Mustafa Kocabey,M. Kocabey,,,,,,3053,,,season_lineups
1422793,Souleymanou Hamidou,S. Hamidou,G,,182,,122774400,3064,,Cameroon,season_lineups
2512557,Kursat Duymus,K. Duymus,D,,186,,286675200,3064,,Türkiye,season_lineups
5318,Mustafa Koray Avci,M. K. Avci,M,,182,,264384000,3064,,Türkiye,season_lineups
2323413,Ünal Alpugan,Ü. Alpugan,M,,,,113184000,3064,,Germany,season_lineups
2512562,Devran Ayhan,D. Ayhan,M,,179,,264902400,3064,,Türkiye,season_lineups
2515434,Umit Ozan Kazmaz,U. O. Kazmaz,M,,,,209779200,3064,,Türkiye,season_lineups
2515613,Emmanuel Tetteh,E. Tetteh,F,,170,,157161600,3064,,Ghana,season_lineups
2515504,Turan Bilge,T. Bilge,,,,,,3064,,,season_lineups
2513227,Recep Asil,R. Asil,,,,,,3064,,,season_lineups
5359,Serkan Ozdemir,S. Ozdemir,,,168,,200880000,3064,,Türkiye,season_lineups
2512564,Okan Ozturk,O. Ozturk,,,,,,3064,,,season_lineups
2517847,Mutlu Sezer,M. Sezer,M,,172,,129427200,3064,,Türkiye,season_lineups
2517790,Chikelue Iloenyosi,C. Iloenyosi,,,,,,3064,,,season_lineups
2515478,Zeki Sonbay,Z. Sonbay,,,,,,3064,,,season_lineups
5340,Kilicarslan Kopuz,K. Kopuz,G,,183,,227577600,3064,,Türkiye,season_lineups
2517860,Gökhan Tandoğan,G. Tandoğan,D,,,,262656000,3064,,Türkiye,season_lineups
2517748,Kazim Nas,K. Nas,,,,,,3064,,,season_lineups
5335,Sener Askaroglu,S. Askaroglu,,,176,,325382400,3064,,Türkiye,season_lineups
2313099,Nicolas Alnoudji,N. Alnoudji,M,,180,,313545600,3064,,Cameroon,season_lineups
816345,Evren Kurkcu,E. Kurkcu,D,,182,,405561600,3064,,Türkiye,season_lineups
2517824,Amadou Fadel Keita,A. F. Keita,F,,,,236908800,3064,,Côte d'Ivoire,season_lineups
2313456,Oumar Dieng,O. Dieng,D,,183,,94521600,3064,,France,season_lineups
2517827,İhsan Öksüz,İ. Öksüz,G,,,,104803200,3064,,Türkiye,season_lineups
2517751,Fatih Dereli,F. Dereli,,,,,,3064,,,season_lineups
2512820,Gunduz Gurol Azer,G. G. Azer,,,,,,3064,,,season_lineups
2513214,Murat Yigiter,M. Yigiter,G,,189,,42508800,3064,,Türkiye,season_lineups
2513217,Hasan Ozer,H. Ozer,F,,185,,149817600,3064,,Türkiye,season_lineups
2514771,Erhan Namli,E. Namli,,,,,,3064,,,season_lineups
2517705,Adnan Karahan,A. Karahan,G,,177,,-167443200,3056,,Türkiye,season_lineups
2515063,Nuri Kamburoğlu,N. Kamburoğlu,D,,179,,-82339200,3056,,Türkiye,season_lineups
2517706,Gosho Ginchev,G. Ginchev,D,,180,,-28771200,3056,,Bulgaria,season_lineups
2514772,Burhan Saatcioglu,B. Saatcioglu,D,,174,,105926400,3056,,Türkiye,season_lineups
2512805,Mustafa Gursel,M. Gursel,F,,183,,152928000,3056,,Türkiye,season_lineups
2517707,Fatih Sezer,F. Sezer,M,,170,,214704000,3056,,Türkiye,season_lineups
849854,Ugur Yasan,U. Yasan,,,173,,289008000,3056,,Türkiye,season_lineups
2515781,Kamil Çakır,K. Çakır,M,,174,,92880000,3056,,Türkiye,season_lineups
2515472,Ramazan Ozalp,R. Ozalp,D,,176,,151113600,3056,,Türkiye,season_lineups
43554,Selahattin Kinali,S. Kinali,,,178,,264038400,3056,,Türkiye,season_lineups
2323988,Alexander Blessin,A. Blessin,F,,191,,107395200,3056,,Germany,season_lineups
5385,Mehmet Oncan,M. Oncan,,,172,,337478400,3056,,Türkiye,season_lineups
2282022,Maurizio Gaudino,M. Gaudino,M,,184,,-96422400,3056,,Germany,season_lineups
2320815,Vedin Music,V. Music,D,,169,,100656000,3056,,Bosnia & Herzegovina,season_lineups
60271,Atacan Ozturk,A. Ozturk,G,,184,,380160000,3056,,Türkiye,season_lineups
6179,Huseyin Cimsir,H. Cimsir,M,5,188,,296524800,3056,,Türkiye,season_lineups
813810,Eyup Kaymaci,E. Kaymaci,M,,168,,370310400,3056,,Türkiye,season_lineups
2517781,Dursun Karaman,D. Karaman,,,,,,3056,,,season_lineups
2517844,Saffet Kaya,S. Kaya,F,,,,366595200,3056,,Türkiye,season_lineups
808297,Mustafa Yalcinkaya,M. Yalcinkaya,D,,177,,366940800,3056,,Türkiye,season_lineups
2517829,Özkan Yılmaz,Ö. Yılmaz,D,,,,342057600,3056,,Türkiye,season_lineups
2513216,Atilla Birlik,A. Birlik,F,,175,,249436800,3056,,Türkiye,season_lineups
937767,Mehmet Zeki Ucan,M. Z. Ucan,G,,183,,281318400,3056,,Türkiye,season_lineups
2512873,Şenol Yavaş,Ş. Yavaş,D,,188,,109555200,3056,,Türkiye,season_lineups
827154,Muzaffer Taskin,M. Taskin,D,10,181,,375840000,3056,,Türkiye,season_lineups
2517828,İbrahim Uyanık,İ. Uyanık,M,,,,308534400,3056,,Türkiye,season_lineups
2513223,Saffet Akyuz,S. Akyuz,,,,,,3056,,,season_lineups
2517843,Salih Akkaya,S. Akkaya,M,,,,193017600,3056,,Türkiye,season_lineups
87003,Omer Ates,O. Ates,,,181,,366595200,3056,,Türkiye,season_lineups
2517863,Faruk Karaca,F. Karaca,D,,,,334540800,3056,,Türkiye,season_lineups
2517759,Ahmet Sonmez,A. Sonmez,D,,,,2505600,3056,,Türkiye,season_lineups
14655,Richard Paul Franck Kingson,R. P. F. Kingson,G,,183,,266544000,3056,,Ghana,season_lineups
2517726,Gurcay Bulut,G. Bulut,F,,,,130118400,3056,,Türkiye,season_lineups
2517784,Engin Ozdemir,E. Ozdemir,,,,,,3056,,,season_lineups
2517760,Isaac,Isaac,F,,,,228873600,3056,,Angola,season_lineups
2516497,Saliou Diallo,S. Diallo,G,,185,,219888000,3059,,Guinea,season_lineups
2514763,Gokmen Baris,G. Baris,D,,182,,127785600,3059,,Türkiye,season_lineups
2516453,Selim Ozer,S. Ozer,D,,172,,-32054400,3059,,Türkiye,season_lineups
2512574,Cihat Arslan,C. Arslan,,,,,,3059,,,season_lineups
2517758,Mustafa Ozer,M. Ozer,,,,,,3059,,,season_lineups
2515440,Ilker Dalcicek,I. Dalcicek,M,,172,,232070400,3059,,Türkiye,season_lineups
2516483,Cengizhan Hincal,C. Hincal,M,,177,,131587200,3059,,Türkiye,season_lineups
803403,Ilyas Kahraman,I. Kahraman,M,,178,,197078400,3059,,Türkiye,season_lineups
2512848,Cem Karaca,C. Karaca,M,,169,,200361600,3059,,Türkiye,season_lineups
2517772,Mustafa Kocabey,M. Kocabey,,,,,,3059,,,season_lineups
2515505,Yaw Preko,Y. Preko,,,,,,3059,,,season_lineups
2515471,Huseyin Karakayis,H. Karakayis,M,,181,,162000000,3059,,Türkiye,season_lineups
2491334,Muscal Mvuezolo,M. Mvuezolo,D,,176,,291600000,3059,,DR Congo,season_lineups
2512302,Ozgur Bayer,O. Bayer,D,,184,,292032000,3059,,Türkiye,season_lineups
2516632,Savaş Kaya,S. Kaya,D,,,,301276800,3059,,Türkiye,season_lineups
2517726,Gurcay Bulut,G. Bulut,F,,,,130118400,3059,,Türkiye,season_lineups
5773,Gokhan Tokgoz,G. Tokgoz,,,188,,293587200,3059,,Türkiye,season_lineups
2517796,Ismail Muderrisoglu,I. Muderrisoglu,,,,,,3059,,,season_lineups
2517786,Atakan Sancarbarlas,A. Sancarbarlas,,,,,,3059,,,season_lineups
2326604,Joachim Yaw,J. Yaw,M,,181,,121046400,3059,,Ghana,season_lineups
2517787,Mehmet Simsek,M. Simsek,,,,,,3059,,,season_lineups
5756,Ilhan Ozbay,I. Ozbay,M,,175,,401241600,3059,,Türkiye,season_lineups
815501,Emin Sari,E. Sari,,,,,257126400,3059,,Türkiye,season_lineups
2517761,Hamza Hamzaoglu,H. Hamzaoglu,,,,,,3059,,,season_lineups
2517794,Arben Nuhiji,A. Nuhiji,,,,,,3059,,,season_lineups
119443,Antti Sumiala,A. Sumiala,F,,,,130550400,3059,,Finland,season_lineups
2517743,Timo Marjamaa,T. Marjamaa,D,,182,,204681600,3059,,Finland,season_lineups
2517807,Murat Sahin,M. Sahin,,,,,,3059,,,season_lineups
2512642,Şevki Koç,Ş. Koç,M,,181,,410227200,3059,,Türkiye,season_lineups
2514805,Moses Sakyi,M. Sakyi,,,,,,3059,,,season_lineups
